證券代碼,目前狀態,統一編號
1101 台泥,Current ,ID 11913502
1102 亞泥,Current ,ID 03244509
1103 嘉泥,Current ,ID 11892801
1104 環泥,Current ,ID 07568009
1108 幸福,Current ,ID 40601248
1109 信大,Current ,ID 03279507
1110 東泥,Current ,ID 83078600
1201 味全,Current ,ID 11347802
1203 味王,Current ,ID 07067309
1210 大成,Current ,ID 73008303
1213 大飲,Current ,ID 35012903
1215 卜蜂,Current ,ID 36514783
1216 統一,Current ,ID 73251209
1217 愛之味,Current ,ID 65534366
1218 泰山,Current ,ID 59661701
1219 福壽,Current ,ID 56192402
1220 台榮,Current ,ID 03543210
1225 福懋油,Current ,ID 22102298
1227 佳格,Current ,ID 22102473
1229 聯華,Current ,ID 11996904
1231 聯華食,Current ,ID 07569627
1232 大統益,Current ,ID 20927014
1233 天仁,Current ,ID 18559415
1234 黑松,Current ,ID 20651901
1235 興泰,Current ,ID 85617982
1236 宏亞,Current ,ID 34106066
1256 鮮活果汁-KY,Current ,ID 37759808
1301 台塑,Current ,ID 75708007
1303 南亞,Current ,ID 75370905
1304 台聚,Current ,ID 11917107
1305 華夏,Current ,ID 11686106
1307 三芳,Current ,ID 83387850
1308 亞聚,Current ,ID 20747385
1309 台達化,Current ,ID 11893409
1310 台苯,Current ,ID 20844865
1312 國喬,Current ,ID 04212250
1313 聯成,Current ,ID 04748660
1314 中石化,Current ,ID 03084741
1315 達新,Current ,ID 51059101
1316 上曜,Current ,ID 73654033
1319 東陽,Current ,ID 68326665
1321 大洋,Current ,ID 15024509
1323 永裕,Current ,ID 68192103
1324 地球,Current ,ID 07147916
1325 恒大,Current ,ID 11455800
1326 台化,Current ,ID 58650902
1337 再生-KY,Current ,ID 26068617
1338 廣華-KY,Current ,ID 26594386
1339 昭輝,Current ,ID 22078327
1340 勝悅-KY,Current ,ID 37722768
1341 富林-KY,Current ,ID 82716171
1342 八貫,Current ,ID 12386676
1402 遠東新,Current ,ID 03522600
1409 新纖,Current ,ID 07435515
1410 南染,Current ,ID 35286207
1413 宏洲,Current ,ID 07220710
1414 東和,Current ,ID 73141105
1416 廣豐,Current ,ID 43434316
1417 嘉裕,Current ,ID 11825825
1418 東華,Current ,ID 11083148
1419 新紡,Current ,ID 07435901
1423 利華,Current ,ID 11311608
1432 大魯閣,Current ,ID 04690983
1434 福懋,Current ,ID 14001199
1435 中福,Current ,ID 03101946
1436 華友聯,Current ,ID 07510318
1437 勤益控,Current ,ID 35535607
1438 三地開發,Current ,ID 03561011
1439 雋揚,Current ,ID 11113403
1440 南紡,Current ,ID 68919301
1441 大東,Current ,ID 51037304
1442 名軒,Current ,ID 04615057
1443 立益物流,Current ,ID 04287483
1444 力麗,Current ,ID 07663290
1445 大宇,Current ,ID 07015014
1446 宏和,Current ,ID 73641170
1447 力鵬,Current ,ID 33955322
1449 佳和,Current ,ID 72055019
1451 年興,Current ,ID 22266307
1452 宏益,Current ,ID 43121481
1453 大將,Current ,ID 07617901
1454 台富,Current ,ID 04301794
1455 集盛,Current ,ID 43295237
1456 怡華,Current ,ID 33144175
1457 宜進,Current ,ID 07669338
1459 聯發,Current ,ID 33653494
1460 宏遠,Current ,ID 22817999
1463 強盛新,Current ,ID 07715023
1464 得力,Current ,ID 73686632
1465 偉全,Current ,ID 33700601
1466 聚隆,Current ,ID 22976047
1467 南緯,Current ,ID 69559487
1468 昶和,Current ,ID 36123364
1470 大統新創,Current ,ID 22267777
1471 首利,Current ,ID 07699023
1472 三洋實業,Current ,ID 07029919
1473 台南,Current ,ID 68919702
1474 弘裕,Current ,ID 58003997
1475 業旺,Current ,ID 23912057
1476 儒鴻,Current ,ID 35884479
1477 聚陽,Current ,ID 23609668
1503 士電,Current ,ID 11039306
1504 東元,Current ,ID 11332202
1506 正道,Current ,ID 68193807
1512 瑞利,Current ,ID 85330636
1513 中興電,Current ,ID 33029464
1514 亞力,Current ,ID 03213392
1515 力山,Current ,ID 55759180
1516 川飛,Current ,ID 22071751
1517 利奇,Current ,ID 59008318
1519 華城,Current ,ID 33284077
1521 大億,Current ,ID 69408876
1522 堤維西,Current ,ID 22269487
1524 耿鼎,Current ,ID 22081250
1525 江申,Current ,ID 35129100
1526 日馳,Current ,ID 11099726
1527 鑽全,Current ,ID 20982120
1528 恩德,Current ,ID 11551634
1529 樂事綠能,Current ,ID 34211074
1530 亞崴,Current ,ID 22224692
1531 高林股,Current ,ID 29538509
1532 勤美,Current ,ID 03474311
1533 車王電,Current ,ID 04827138
1535 中宇,Current ,ID 84252401
1536 和大,Current ,ID 52264848
1537 廣隆,Current ,ID 23556563
1538 正峰,Current ,ID 44947686
1539 巨庭,Current ,ID 52646207
1540 喬福,Current ,ID 52903090
1541 錩泰,Current ,ID 23248433
1558 伸興,Current ,ID 55754185
1560 中砂,Current ,ID 03089008
1563 巧新,Current ,ID 84980915
1568 倉佑,Current ,ID 66654986
1582 信錦,Current ,ID 35966577
1583 程泰,Current ,ID 52353530
1587 吉茂,Current ,ID 24157564
1589 永冠-KY,Current ,ID 41048746
1590 亞德客-KY,Current ,ID 53666460
1597 直得,Current ,ID 16755427
1598 岱宇,Current ,ID 23751545
1603 華電,Current ,ID 35882520
1604 聲寶,Current ,ID 03607500
1605 華新,Current ,ID 35412204
1608 華榮,Current ,ID 79460007
1609 大亞,Current ,ID 68035907
1611 中電,Current ,ID 03086001
1612 宏泰,Current ,ID 43125162
1614 三洋電,Current ,ID 03564501
1615 大山,Current ,ID 64829434
1616 億泰,Current ,ID 22819700
1617 榮星,Current ,ID 73341336
1618 合機,Current ,ID 23206102
1626 艾美特-KY,Current ,ID 34995738
1702 南僑,Current ,ID 07305506
1707 葡萄王,Current ,ID 11880517
1708 東鹼,Current ,ID 11384405
1709 和益,Current ,ID 04312878
1710 東聯,Current ,ID 14057995
1711 永光,Current ,ID 15458455
1712 興農,Current ,ID 51911712
1713 國化,Current ,ID 03375001
1714 和桐,Current ,ID 12526607
1717 長興,Current ,ID 75339004
1718 中纖,Current ,ID 07066907
1720 生達,Current ,ID 71122503
1721 三晃,Current ,ID 55738290
1722 台肥,Current ,ID 03795101
1723 中碳,Current ,ID 23221384
1725 元禎,Current ,ID 12132033
1726 永記,Current ,ID 75137605
1727 中華化,Current ,ID 03558206
1730 花仙子,Current ,ID 07708830
1731 美吾華,Current ,ID 14089976
1732 毛寶,Current ,ID 34245356
1733 五鼎,Current ,ID 16130182
1734 杏輝,Current ,ID 42042734
1735 日勝化,Current ,ID 23263551
1736 喬山,Current ,ID 52347361
1737 臺鹽,Current ,ID 89397503
1752 南光,Current ,ID 69275313
1760 寶齡富錦,Current ,ID 04742997
1762 中化生,Current ,ID 03088704
1773 勝一,Current ,ID 75970680
1776 展宇,Current ,ID 47061800
1783 和康生,Current ,ID 16749811
1786 科妍,Current ,ID 13159100
1789 神隆,Current ,ID 16130161
1795 美時,Current ,ID 11456110
1802 台玻,Current ,ID 11914002
1805 寶徠,Current ,ID 12179563
1806 冠軍,Current ,ID 49701774
1808 潤隆,Current ,ID 34149369
1809 中釉,Current ,ID 47056834
1810 和成,Current ,ID 03228304
1817 凱撒衛,Current ,ID 22746550
1903 士紙,Current ,ID 11038101
1904 正隆,Current ,ID 33085508
1905 華紙,Current ,ID 94025264
1906 寶隆,Current ,ID 12030606
1907 永豐餘,Current ,ID 85066002
1909 榮成,Current ,ID 34202841
2002 中鋼,Current ,ID 30414175
2006 東和鋼鐵,Current ,ID 75280209
2007 燁興,Current ,ID 75992214
2008 高興昌,Current ,ID 75466009
2009 第一銅,Current ,ID 82001528
2010 春源,Current ,ID 11529802
2012 春雨,Current ,ID 88187108
2013 中鋼構,Current ,ID 85800192
2014 中鴻,Current ,ID 07838854
2015 豐興,Current ,ID 55389357
2017 官田鋼,Current ,ID 72065240
2020 美亞,Current ,ID 44680700
2022 聚亨,Current ,ID 79841479
2023 燁輝,Current ,ID 75947936
2024 志聯,Current ,ID 43633504
2025 千興,Current ,ID 70005915
2027 大成鋼,Current ,ID 22318348
2028 威致,Current ,ID 69771636
2029 盛餘,Current ,ID 79837539
2030 彰源,Current ,ID 60330130
2031 新光鋼,Current ,ID 35836625
2032 新鋼,Current ,ID 34008635
2033 佳大,Current ,ID 72072615
2034 允強,Current ,ID 59068700
2038 海光,Current ,ID 75470524
2049 上銀,Current ,ID 23503047
2059 川湖,Current ,ID 22274989
2062 橋椿,Current ,ID 59353423
2069 運錩,Current ,ID 22533297
2101 南港,Current ,ID 11520909
2102 泰豐,Current ,ID 44721408
2103 台橡,Current ,ID 03553737
2104 國際中橡,Current ,ID 04382114
2105 正新,Current ,ID 59504506
2106 建大,Current ,ID 59619900
2107 厚生,Current ,ID 03283306
2108 南帝,Current ,ID 12209807
2109 華豐,Current ,ID 59760104
2114 鑫永銓,Current ,ID 51704734
2115 六暉-KY,Current ,ID 38773146
2201 裕隆,Current ,ID 03489200
2204 中華,Current ,ID 03098415
2206 三陽工業,Current ,ID 24004006
2207 和泰車,Current ,ID 03251108
2208 台船,Current ,ID 04695235
2211 長榮鋼,Current ,ID 81188829
2227 裕日車,Current ,ID 80032530
2228 劍麟,Current ,ID 04359789
2231 為升,Current ,ID 23219346
2233 宇隆,Current ,ID 22702791
2236 百達-KY,Current ,ID 42299452
2239 英利-KY,Current ,ID 47423487
2241 艾姆勒,Current ,ID 53418357
2243 宏旭-KY,Current ,ID 55996613
2247 汎德永業,Current ,ID 20838245
2248 華勝-KY,Current ,ID 73676873
2250 IKKA-KY,Current ,ID 91165085
2301 光寶科,Current ,ID 23357403
2302 麗正,Current ,ID 04982433
2303 聯電,Current ,ID 47217677
2305 全友,Current ,ID 47226140
2308 台達電,Current ,ID 34051920
2312 金寶,Current ,ID 04370927
2313 華通,Current ,ID 04401392
2314 台揚,Current ,ID 47255762
2316 楠梓電,Current ,ID 76026851
2317 鴻海,Current ,ID 04541302
2321 東訊,Current ,ID 47224065
2323 中環,Current ,ID 12205020
2324 仁寶,Current ,ID 21222725
2327 國巨,Current ,ID 22636630
2328 廣宇,Current ,ID 03546618
2329 華泰,Current ,ID 89004161
2330 台積電,Current ,ID 22099131
2331 精英,Current ,ID 22449566
2332 友訊,Current ,ID 22099189
2337 旺宏,Current ,ID 22099548
2338 光罩,Current ,ID 22099408
2340 台亞,Current ,ID 47255947
2342 茂矽,Current ,ID 22099110
2344 華邦電,Current ,ID 22099218
2345 智邦,Current ,ID 22099287
2347 聯強,Current ,ID 23060541
2348 海悅,Current ,ID 22624873
2349 錸德,Current ,ID 23218873
2351 順德,Current ,ID 58506816
2352 佳世達,Current ,ID 12490306
2353 宏碁,Current ,ID 20828393
2354 鴻準,Current ,ID 23707801
2355 敬鵬,Current ,ID 43816068
2356 英業達,Current ,ID 04322046
2357 華碩,Current ,ID 23638777
2359 所羅門,Current ,ID 23640801
2360 致茂,Current ,ID 09461025
2362 藍天,Current ,ID 09424319
2363 矽統,Current ,ID 22099202
2364 倫飛,Current ,ID 79883646
2365 昆盈,Current ,ID 05141520
2367 燿華,Current ,ID 05637971
2368 金像電,Current ,ID 30955404
2369 菱生,Current ,ID 55625676
2371 大同,Current ,ID 11026506
2373 震旦行,Current ,ID 03568400
2374 佳能,Current ,ID 11394902
2375 凱美,Current ,ID 34230543
2376 技嘉,Current ,ID 22044755
2377 微星,Current ,ID 22178368
2379 瑞昱,Current ,ID 22671299
2380 虹光,Current ,ID 22099759
2382 廣達,Current ,ID 22822281
2383 台光電,Current ,ID 86521351
2385 群光,Current ,ID 20954200
2387 精元,Current ,ID 86244265
2388 威盛,Current ,ID 86870786
2390 云辰,Current ,ID 34412092
2392 正崴,Current ,ID 22223510
2393 億光,Current ,ID 34516147
2395 研華,Current ,ID 05155853
2397 友通,Current ,ID 30950652
2399 映泰,Current ,ID 23826200
2401 凌陽,Current ,ID 23821182
2402 毅嘉,Current ,ID 23588039
2404 漢唐,Current ,ID 20938096
2405 輔信,Current ,ID 20980880
2406 國碩,Current ,ID 97178376
2408 南亞科,Current ,ID 89390656
2409 友達,Current ,ID 84149738
2412 中華電,Current ,ID 96979933
2413 環科,Current ,ID 52878846
2414 精技,Current ,ID 12215548
2415 錩新,Current ,ID 44913118
2417 圓剛,Current ,ID 23611974
2419 仲琦,Current ,ID 22029190
2420 新巨,Current ,ID 20970807
2421 建準,Current ,ID 81448796
2423 固緯,Current ,ID 04735004
2424 隴華,Current ,ID 04926876
2425 承啟,Current ,ID 22332192
2426 鼎元,Current ,ID 22434156
2427 三商電,Current ,ID 31275691
2428 興勤,Current ,ID 83639504
2429 銘旺科,Current ,ID 12206203
2430 燦坤,Current ,ID 69568009
2431 聯昌,Current ,ID 35568331
2433 互盛電,Current ,ID 12516241
2434 統懋,Current ,ID 22404266
2436 偉詮電,Current ,ID 22099499
2438 翔耀,Current ,ID 12364770
2439 美律,Current ,ID 52375605
2440 太空梭,Current ,ID 01887370
2441 超豐,Current ,ID 05126366
2442 新美齊,Current ,ID 22006274
2444 兆勁,Current ,ID 89549446
2449 京元電子,Current ,ID 22507241
2450 神腦,Current ,ID 12228473
2451 創見,Current ,ID 23446187
2453 凌群,Current ,ID 04967550
2454 聯發科,Current ,ID 84149961
2455 全新,Current ,ID 97170472
2457 飛宏,Current ,ID 30435973
2458 義隆,Current ,ID 84149224
2459 敦吉,Current ,ID 20863763
2460 建通,Current ,ID 84433564
2461 光群雷,Current ,ID 22099322
2462 良得電,Current ,ID 04877657
2464 盟立,Current ,ID 22099478
2465 麗臺,Current ,ID 22325002
2466 冠西電,Current ,ID 34348590
2467 志聖,Current ,ID 07618057
2468 華經,Current ,ID 12115702
2471 資通,Current ,ID 20873360
2472 立隆電,Current ,ID 52358985
2474 可成,Current ,ID 69905810
2476 鉅祥,Current ,ID 04403568
2477 美隆電,Current ,ID 33750329
2478 大毅,Current ,ID 23534301
2480 敦陽科,Current ,ID 84218848
2481 強茂,Current ,ID 22145016
2482 連宇,Current ,ID 38430938
2483 百容,Current ,ID 52753108
2484 希華,Current ,ID 22771229
2485 兆赫,Current ,ID 12320400
2486 一詮,Current ,ID 35866232
2488 漢平,Current ,ID 68889236
2489 瑞軒,Current ,ID 84929896
2491 吉祥全,Current ,ID 89380545
2492 華新科,Current ,ID 19004316
2493 揚博,Current ,ID 30929883
2495 普安,Current ,ID 84166074
2496 卓越,Current ,ID 22099786
2497 怡利電,Current ,ID 59334664
2498 宏達電,Current ,ID 16003518
2501 國建,Current ,ID 03374306
2504 國產,Current ,ID 24060203
2505 國揚,Current ,ID 11603817
2506 太設,Current ,ID 11099009
2509 全坤建,Current ,ID 04921056
2511 太子,Current ,ID 72058206
2514 龍邦,Current ,ID 22817273
2515 中工,Current ,ID 75094900
2516 新建,Current ,ID 11762504
2520 冠德,Current ,ID 30900892
2524 京城,Current ,ID 06667446
2527 宏璟,Current ,ID 22344508
2528 皇普,Current ,ID 81271967
2530 華建,Current ,ID 11059409
2534 宏盛,Current ,ID 22221180
2535 達欣工,Current ,ID 18997007
2536 宏普,Current ,ID 23113054
2537 聯上發,Current ,ID 22659295
2538 基泰,Current ,ID 12251662
2539 櫻花建,Current ,ID 22491640
2540 愛山林,Current ,ID 22190686
2542 興富發,Current ,ID 12305479
2543 皇昌,Current ,ID 34342717
2545 皇翔,Current ,ID 86379024
2546 根基,Current ,ID 43876760
2547 日勝生,Current ,ID 12373243
2548 華固,Current ,ID 23358846
2597 潤弘,Current ,ID 66394146
2601 益航,Current ,ID 03353007
2603 長榮,Current ,ID 11337775
2605 新興,Current ,ID 11812103
2606 裕民,Current ,ID 47067419
2607 榮運,Current ,ID 04406559
2608 嘉里大榮,Current ,ID 51015548
2609 陽明,Current ,ID 04200199
2610 華航,Current ,ID 11145904
2611 志信,Current ,ID 33853232
2612 中航,Current ,ID 43778070
2613 中櫃,Current ,ID 39014517
2614 東森,Current ,ID 04964250
2615 萬海,Current ,ID 11395000
2616 山隆,Current ,ID 33983853
2617 台航,Current ,ID 03564713
2618 長榮航,Current ,ID 23225229
2630 亞航,Current ,ID 11381701
2633 台灣高鐵,Current ,ID 16446274
2634 漢翔,Current ,ID 97160544
2636 台驊控股,Current ,ID 22358734
2637 慧洋-KY,Current ,ID 25637751
2642 宅配通,Current ,ID 70624227
2645 長榮航太,Current ,ID 16097775
2646 星宇航空,Current ,ID 51712072
2701 萬企,Current ,ID 15415013
2702 華園,Current ,ID 75560601
2704 國賓,Current ,ID 11636802
2705 六福,Current ,ID 11081274
2706 第一店,Current ,ID 11587957
2707 晶華,Current ,ID 04268726
2712 遠雄來,Current ,ID 23986016
2722 夏都,Current ,ID 89434676
2723 美食-KY,Current ,ID 39682101
2727 王品,Current ,ID 84630426
2731 雄獅,Current ,ID 04655091
2739 寒舍,Current ,ID 70471881
2748 雲品,Current ,ID 54023418
2753 八方雲集,Current ,ID 70472679
2762 世界健身-KY,Current ,ID 94497159
2801 彰銀,Current ,ID 51811609
2809 京城銀,Current ,ID 68921101
2812 台中銀,Current ,ID 51816908
2816 旺旺保,Current ,ID 03110001
2820 華票,Current ,ID 12198359
2832 台產,Current ,ID 03557115
2834 臺企銀,Current ,ID 03793407
2836 高雄銀,Current ,ID 79854797
2838 聯邦銀,Current ,ID 86380802
2845 遠東銀,Current ,ID 86517096
2849 安泰銀,Current ,ID 86928561
2850 新產,Current ,ID 03458403
2851 中再保,Current ,ID 11081991
2852 第一保,Current ,ID 03359109
2855 統一證,Current ,ID 23218183
2867 三商壽,Current ,ID 84443471
2880 華南金,Current ,ID 70826764
2881 富邦金,Current ,ID 03374805
2882 國泰金,Current ,ID 70827406
2883 凱基金,Current ,ID 70827383
2884 玉山金,Current ,ID 70796305
2885 元大金,Current ,ID 70796749
2886 兆豐金,Current ,ID 70796754
2887 台新金,Current ,ID 80328055
2888 新光金,Current ,ID 80328219
2889 國票金,Current ,ID 80330257
2890 永豐金,Current ,ID 80333183
2891 中信金,Current ,ID 80333992
2892 第一金,Current ,ID 80351999
2897 王道銀行,Current ,ID 70745361
2901 欣欣,Current ,ID 11364230
2903 遠百,Current ,ID 03521905
2904 匯僑,Current ,ID 12195466
2905 三商,Current ,ID 11052709
2906 高林,Current ,ID 11547230
2908 特力,Current ,ID 20795246
2910 統領,Current ,ID 20937863
2911 麗嬰房,Current ,ID 04377371
2912 統一超,Current ,ID 22555003
2913 農林,Current ,ID 07525207
2915 潤泰全,Current ,ID 14053007
2923 鼎固-KY,Current ,ID 31896684
2929 淘帝-KY,Current ,ID 54381224
2939 永邑-KY,Current ,ID 72768516
2945 三商家購,Current ,ID 54164937
3002 歐格,Current ,ID 31306250
3003 健和興,Current ,ID 59276051
3004 豐達科,Current ,ID 16095404
3005 神基,Current ,ID 22099532
3006 晶豪科,Current ,ID 16130280
3008 大立光,Current ,ID 22480876
3010 華立,Current ,ID 75514419
3011 今皓,Current ,ID 20950226
3013 晟銘電,Current ,ID 04777186
3014 聯陽,Current ,ID 84149717
3015 全漢,Current ,ID 84239055
3016 嘉晶,Current ,ID 16130388
3017 奇鋐,Current ,ID 86427715
3018 隆銘綠能,Current ,ID 96924451
3019 亞光,Current ,ID 55921894
3021 鴻名,Current ,ID 84274833
3022 威強電,Current ,ID 97445303
3023 信邦,Current ,ID 23542766
3024 憶聲,Current ,ID 44955117
3025 星通,Current ,ID 22099863
3026 禾伸堂,Current ,ID 20891326
3027 盛達,Current ,ID 33659498
3028 增你強,Current ,ID 12401698
3029 零壹,Current ,ID 30922431
3030 德律,Current ,ID 23292535
3031 佰鴻,Current ,ID 34452164
3032 偉訓,Current ,ID 69577160
3033 威健,Current ,ID 04648938
3034 聯詠,Current ,ID 84149955
3035 智原,Current ,ID 84149060
3036 文曄,Current ,ID 84498860
3037 欣興,Current ,ID 23535435
3038 全台,Current ,ID 89261652
3040 遠見,Current ,ID 22050221
3041 揚智,Current ,ID 84149054
3042 晶技,Current ,ID 21204867
3043 科風,Current ,ID 22485794
3044 健鼎,Current ,ID 86379707
3045 台灣大,Current ,ID 97176270
3046 建碁,Current ,ID 97306457
3047 訊舟,Current ,ID 22164580
3048 益登,Current ,ID 97099302
3049 精金,Current ,ID 70750217
3050 鈺德,Current ,ID 84785413
3051 力特,Current ,ID 16439169
3052 夆典,Current ,ID 20730758
3054 立萬利,Current ,ID 86143822
3055 蔚華科,Current ,ID 22729784
3056 富華新,Current ,ID 16264908
3057 喬鼎,Current ,ID 22099738
3058 立德,Current ,ID 38019280
3059 華晶科,Current ,ID 97307625
3060 銘異,Current ,ID 30897480
3062 建漢,Current ,ID 16594892
3090 日電貿,Current ,ID 84116878
3092 鴻碩,Current ,ID 86318408
3094 聯傑,Current ,ID 84149759
3130 一零四,Current ,ID 84598349
3138 耀登,Current ,ID 23573774
3149 正達,Current ,ID 97049373
3164 景岳,Current ,ID 12715847
3167 大量,Current ,ID 43938484
3168 眾福科,Current ,ID 16274722
3189 景碩,Current ,ID 70785139
3209 全科,Current ,ID 86027892
3229 晟鈦,Current ,ID 22570840
3231 緯創,Current ,ID 12868358
3257 虹冠電,Current ,ID 16130417
3266 昇陽,Current ,ID 84141187
3296 勝德,Current ,ID 12702977
3305 昇貿,Current ,ID 04789211
3308 聯德,Current ,ID 22749711
3311 閎暉,Current ,ID 12956063
3312 弘憶股,Current ,ID 89613636
3321 同泰,Current ,ID 23983947
3338 泰碩,Current ,ID 89858152
3346 麗清,Current ,ID 16992625
3356 奇偶,Current ,ID 16302558
3376 新日興,Current ,ID 35424073
3380 明泰,Current ,ID 12800392
3406 玉晶光,Current ,ID 23572557
3413 京鼎,Current ,ID 12858252
3416 融程電,Current ,ID 96930209
3419 譁裕,Current ,ID 47250470
3432 台端,Current ,ID 22928881
3437 榮創,Current ,ID 70634323
3443 創意,Current ,ID 16299879
3447 展達,Current ,ID 16045290
3450 聯鈞,Current ,ID 12624467
3454 晶睿,Current ,ID 70703897
3481 群創,Current ,ID 12800225
3494 誠研,Current ,ID 70801588
3501 維熹,Current ,ID 80272361
3504 揚明光,Current ,ID 12800061
3515 華擎,Current ,ID 80333613
3518 柏騰,Current ,ID 89732154
3528 安馳,Current ,ID 12676056
3530 晶相光,Current ,ID 27298412
3532 台勝科,Current ,ID 89406518
3533 嘉澤,Current ,ID 22244141
3535 晶彩科,Current ,ID 70720798
3543 州巧,Current ,ID 70526133
3545 敦泰,Current ,ID 28069900
3550 聯穎,Current ,ID 22488639
3557 嘉威,Current ,ID 27717512
3563 牧德,Current ,ID 16522758
3576 聯合再生,Current ,ID 27763753
3583 辛耘,Current ,ID 30901647
3588 通嘉,Current ,ID 80254357
3591 艾笛森,Current ,ID 12907747
3592 瑞鼎,Current ,ID 80532726
3593 力銘,Current ,ID 80617029
3596 智易,Current ,ID 12800294
3605 宏致,Current ,ID 97257738
3607 谷崧,Current ,ID 23414349
3617 碩天,Current ,ID 97474067
3622 洋華,Current ,ID 80260061
3645 達邁,Current ,ID 70776899
3652 精聯,Current ,ID 28913512
3653 健策,Current ,ID 22415854
3661 世芯-KY,Current ,ID 31659649
3665 貿聯-KY,Current ,ID 26644007
3669 圓展,Current ,ID 28428722
3673 TPK-KY,Current ,ID 31805657
3679 新至陞,Current ,ID 36011776
3686 達能,Current ,ID 28823511
3694 海華,Current ,ID 27667787
3701 大眾控,Current ,ID 27242184
3702 大聯大,Current ,ID 27928328
3703 欣陸,Current ,ID 28993629
3704 合勤控,Current ,ID 28999503
3705 永信,Current ,ID 53004906
3706 神達,Current ,ID 53677966
3708 上緯投控,Current ,ID 43238308
3711 日月光投控,Current ,ID 29187308
3712 永崴投控,Current ,ID 24813370
3714 富采,Current ,ID 83202930
3715 定穎投控,Current ,ID 90302792
3716 中化控股,Current ,ID 00227087
4104 佳醫,Current ,ID 22854522
4106 雃博,Current ,ID 23632773
4108 懷特,Current ,ID 16766281
4119 旭富,Current ,ID 22662545
4133 亞諾法,Current ,ID 12974421
4137 麗豐-KY,Current ,ID 38488868
4142 國光生,Current ,ID 33259508
4148 全宇生技-KY,Current ,ID 42527358
4155 訊映,Current ,ID 27453928
4164 承業醫,Current ,ID 24483414
4190 佐登-KY,Current ,ID 47423851
4306 炎洲,Current ,ID 35894259
4414 如興,Current ,ID 49744324
4426 利勤,Current ,ID 16229261
4438 廣越,Current ,ID 89620361
4439 冠星-KY,Current ,ID 76545523
4440 宜新實業,Current ,ID 54332940
4526 東台,Current ,ID 88120872
4532 瑞智,Current ,ID 23603284
4536 拓凱,Current ,ID 52590175
4540 全球傳動,Current ,ID 29168533
4545 銘鈺,Current ,ID 12738623
4551 智伸科,Current ,ID 22363342
4552 力達-KY,Current ,ID 51016510
4555 氣立,Current ,ID 22301178
4557 永新-KY,Current ,ID 42323896
4560 強信-KY,Current ,ID 50721361
4562 穎漢,Current ,ID 28919500
4564 元翎,Current ,ID 23019109
4566 時碩工業,Current ,ID 24262159
4569 六方科-KY,Current ,ID 93107034
4571 鈞興-KY,Current ,ID 85282254
4572 駐龍,Current ,ID 23830154
4576 大銀微系統,Current ,ID 97413843
4581 光隆精密-KY,Current ,ID 87027821
4583 台灣精銳,Current ,ID 70647919
4588 玖鼎電力,Current ,ID 27736932
4720 德淵,Current ,ID 04465521
4722 國精化,Current ,ID 75975242
4736 泰博,Current ,ID 16584326
4737 華廣,Current ,ID 80310225
4739 康普,Current ,ID 86757124
4746 台耀,Current ,ID 96922622
4755 三福化,Current ,ID 80170651
4763 材料-KY,Current ,ID 42328858
4764 雙鍵,Current ,ID 84754072
4766 南寶,Current ,ID 74229304
4770 上品,Current ,ID 36075449
4771 望隼,Current ,ID 53764125
4807 日成-KY,Current ,ID 42485651
4904 遠傳,Current ,ID 97179430
4906 正文,Current ,ID 22960571
4912 聯德控股-KY,Current ,ID 26595630
4915 致伸,Current ,ID 28006928
4916 事欣科,Current ,ID 13000192
4919 新唐,Current ,ID 28112646
4927 泰鼎-KY,Current ,ID 54384828
4930 燦星網,Current ,ID 28986660
4934 太極,Current ,ID 28675574
4935 茂林-KY,Current ,ID 26797925
4938 和碩,Current ,ID 28689155
4942 嘉彰,Current ,ID 22164527
4943 康控-KY,Current ,ID 26320984
4949 有成精密,Current ,ID 80581850
4952 凌通,Current ,ID 80741441
4956 光鋐,Current ,ID 28334226
4958 臻鼎-KY,Current ,ID 26392564
4960 誠美材,Current ,ID 27790294
4961 天鈺,Current ,ID 84149499
4967 十銓,Current ,ID 97418375
4968 立積,Current ,ID 80661880
4976 佳凌,Current ,ID 70848492
4977 眾達-KY,Current ,ID 31922986
4989 榮科,Current ,ID 97173920
4994 傳奇,Current ,ID 12975809
4999 鑫禾,Current ,ID 13012009
5007 三星,Current ,ID 68040606
5203 訊連,Current ,ID 23829868
5215 科嘉-KY,Current ,ID 31618486
5222 全訊,Current ,ID 16130296
5225 東科-KY,Current ,ID 37750975
5234 達興材料,Current ,ID 28357108
5243 乙盛-KY,Current ,ID 01895435
5244 弘凱,Current ,ID 27877550
5258 虹堡,Current ,ID 84188062
5269 祥碩,Current ,ID 80688184
5283 禾聯碩,Current ,ID 80333058
5284 jpp-KY,Current ,ID 41173259
5285 界霖,Current ,ID 12636560
5288 豐祥-KY,Current ,ID 38582821
5292 華懋,Current ,ID 23492169
5306 桂盟,Current ,ID 22099483
5388 中磊,Current ,ID 86690573
5434 崇越,Current ,ID 23621614
5469 瀚宇博,Current ,ID 23225071
5471 松翰,Current ,ID 97063584
5484 慧友,Current ,ID 89639615
5515 建國,Current ,ID 46298200
5519 隆大,Current ,ID 85898033
5521 工信,Current ,ID 03028404
5522 遠雄,Current ,ID 04673318
5525 順天,Current ,ID 22764965
5531 鄉林,Current ,ID 23641822
5533 皇鼎,Current ,ID 23988653
5534 長虹,Current ,ID 04633597
5538 東明-KY,Current ,ID 02769941
5546 永固-KY,Current ,ID 77211448
5607 遠雄港,Current ,ID 86121030
5608 四維航,Current ,ID 12551801
5706 鳳凰,Current ,ID 11322915
5871 中租-KY,Current ,ID 26389569
5876 上海商銀,Current ,ID 03036306
5880 合庫金,Current ,ID 53021433
5906 台南-KY,Current ,ID 36855058
5907 大洋-KY,Current ,ID 53013068
6005 群益證,Current ,ID 22956035
6024 群益期,Current ,ID 97176335
6108 競國,Current ,ID 36084833
6112 邁達特,Current ,ID 16428796
6115 鎰勝,Current ,ID 22304288
6116 彩晶,Current ,ID 16450500
6117 迎廣,Current ,ID 09497109
6120 達運,Current ,ID 23504361
6128 上福,Current ,ID 56625344
6133 金橋,Current ,ID 04865462
6136 富爾特,Current ,ID 86616791
6139 亞翔,Current ,ID 12204275
6141 柏承,Current ,ID 23750095
6142 友勁,Current ,ID 22099744
6152 百一,Current ,ID 89549585
6153 嘉聯益,Current ,ID 86980046
6155 鈞寶,Current ,ID 22306130
6164 華興,Current ,ID 34168978
6165 浪凡,Current ,ID 04386575
6166 凌華,Current ,ID 89593343
6168 宏齊,Current ,ID 89358419
6176 瑞儀,Current ,ID 22101208
6177 達麗,Current ,ID 04477420
6183 關貿,Current ,ID 97162640
6184 大豐電,Current ,ID 96974228
6189 豐藝,Current ,ID 22151585
6191 精成科,Current ,ID 81069921
6192 巨路,Current ,ID 14033663
6196 帆宣,Current ,ID 23145632
6197 佳必琪,Current ,ID 86701804
6201 亞弘電,Current ,ID 73710056
6202 盛群,Current ,ID 16130330
6205 詮欣,Current ,ID 22115625
6206 飛捷,Current ,ID 21230513
6209 今國光,Current ,ID 56654500
6213 聯茂,Current ,ID 97179403
6214 精誠,Current ,ID 97311466
6215 和椿,Current ,ID 12304443
6216 居易,Current ,ID 16242320
6224 聚鼎,Current ,ID 16433242
6225 天瀚,Current ,ID 16253228
6226 光鼎,Current ,ID 22601800
6230 尼得科超眾,Current ,ID 34005476
6235 華孚,Current ,ID 35383165
6239 力成,Current ,ID 16082267
6243 迅杰,Current ,ID 16505809
6257 矽格,Current ,ID 23218022
6269 台郡,Current ,ID 16347324
6271 同欣電,Current ,ID 04226986
6277 宏正,Current ,ID 12403422
6278 台表科,Current ,ID 23722471
6281 全國電,Current ,ID 22006252
6282 康舒,Current ,ID 12341051
6283 淳安,Current ,ID 89827686
6285 啟碁,Current ,ID 97331723
6288 聯嘉,Current ,ID 89396315
6405 悅城,Current ,ID 27340208
6409 旭隼,Current ,ID 28865032
6412 群電,Current ,ID 24284436
6414 樺漢,Current ,ID 70380046
6415 矽力*-KY,Current ,ID 02906023
6416 瑞祺電通,Current ,ID 28488592
6426 統新,Current ,ID 13111161
6431 光麗-KY,Current ,ID 41181265
6438 迅得,Current ,ID 70753397
6442 光聖,Current ,ID 97119975
6443 元晶,Current ,ID 28997300
6446 藥華藥,Current ,ID 70557655
6449 鈺邦,Current ,ID 28064644
6451 訊芯-KY,Current ,ID 38649225
6456 GIS-KY,Current ,ID 41420316
6464 台數科,Current ,ID 28371951
6472 保瑞,Current ,ID 28684877
6477 安集,Current ,ID 28580346
6491 晶碩,Current ,ID 25021158
6504 南六,Current ,ID 75989858
6505 台塑化,Current ,ID 86522210
6515 穎崴,Current ,ID 13145774
6525 捷敏-KY,Current ,ID 49791260
6526 達發,Current ,ID 12883169
6531 愛普*,Current ,ID 53503847
6533 晶心科,Current ,ID 27638046
6541 泰福-KY,Current ,ID 24797816
6550 北極星藥業-KY,Current ,ID 24792045
6552 易華電,Current ,ID 76025826
6558 興能高,Current ,ID 97430131
6573 虹揚-KY,Current ,ID 53016234
6579 研揚,Current ,ID 53113073
6581 鋼聯,Current ,ID 89528054
6582 申豐,Current ,ID 85841102
6585 鼎基,Current ,ID 81486019
6591 動力-KY,Current ,ID 42461124
6592 和潤企業,Current ,ID 16844548
6598 ABC-KY,Current ,ID 42545659
6605 帝寶,Current ,ID 59347422
6606 建德工業,Current ,ID 35309102
6625 必應,Current ,ID 54663862
6641 基士德-KY,Current ,ID 82703128
6655 科定,Current ,ID 80214519
6657 華安,Current ,ID 53726093
6658 聯策,Current ,ID 13079649
6666 羅麗芬-KY,Current ,ID 82230260
6668 中揚光,Current ,ID 54258218
6669 緯穎,Current ,ID 53687704
6670 復盛應用,Current ,ID 53091900
6671 三能-KY,Current ,ID 82517356
6672 騰輝電子-KY,Current ,ID 72952251
6674 鋐寶科技,Current ,ID 24456541
6689 伊雲谷,Current ,ID 54359763
6691 洋基工程,Current ,ID 30921756
6695 芯鼎,Current ,ID 28112890
6698 旭暉應材,Current ,ID 28722767
6706 惠特,Current ,ID 70697332
6715 嘉基,Current ,ID 53431627
6719 力智,Current ,ID 27983551
6742 澤米,Current ,ID 80137437
6743 安普新,Current ,ID 16540496
6753 龍德造船,Current ,ID 40607762
6754 匯僑設計,Current ,ID 24775812
6756 威鋒電子,Current ,ID 29125676
6757 台灣虎航,Current ,ID 54381049
6768 志強-KY,Current ,ID 88173202
6770 力積電,Current ,ID 28112667
6776 展碁國際,Current ,ID 20773257
6781 AES-KY,Current ,ID 87546197
6782 視陽,Current ,ID 16693062
6789 采鈺,Current ,ID 80601119
6790 永豐實,Current ,ID 22327037
6792 詠業,Current ,ID 22864367
6796 晉弘,Current ,ID 28113005
6799 來頡,Current ,ID 53089904
6805 富世達,Current ,ID 12871564
6806 森崴能源,Current ,ID 28653781
6807 峰源-KY,Current ,ID 91616069
6830 汎銓,Current ,ID 27853425
6834 天二科技,Current ,ID 83360971
6835 圓裕,Current ,ID 34417836
6838 台新藥,Current ,ID 53273211
6861 睿生光電,Current ,ID 69764396
6862 三集瑞-KY,Current ,ID 91363753
6863 永道-KY,Current ,ID 91908050
6869 雲豹能源,Current ,ID 42852207
6873 泓德能源,Current ,ID 45877096
6885 全福生技,Current ,ID 54346233
6887 寶綠特-KY,Current ,ID 00339082
6890 來億-KY,Current ,ID 80047713
6901 鑽石投資,Current ,ID 53663724
6902 GOGOLOOK,Current ,ID 53755364
6906 現觀科,Current ,ID 85017777
6909 創控,Current ,ID 24496001
6914 阜爾運通,Current ,ID 12681939
6916 華凌,Current ,ID 16527682
6919 康霈*,Current ,ID 53942917
6923 中台,Current ,ID 12862116
6928 攸泰科技,Current ,ID 53347451
6931 青松健康,Current ,ID 28659672
6933 AMAX-KY,Current ,ID 92778956
6936 永鴻生技,Current ,ID 53703063
6937 天虹,Current ,ID 80211920
6944 兆聯實業,Current ,ID 27585625
6952 大武山,Current ,ID 28554142
6957 裕慶-KY,Current ,ID 54965803
6958 日盛台駿,Current ,ID 20896434
6962 奕力-KY,Current ,ID 95168979
6965 中傑-KY,Current ,ID 00533086
6994 富威電力,Current ,ID 82921412
7705 三商餐飲,Current ,ID 97301707
7722 LINEPAY,Current ,ID 24941093
7732 金興精密,Current ,ID 23230525
7736 虎山,Current ,ID 34556891
7749 意騰-KY,Current ,ID 60204448
8011 台通,Current ,ID 12362365
8016 矽創,Current ,ID 86735240
8021 尖點,Current ,ID 96912835
8028 昇陽半導體,Current ,ID 84149884
8033 雷虎,Current ,ID 52541175
8039 台虹,Current ,ID 16198345
8045 達運光電,Current ,ID 86880449
8046 南電,Current ,ID 16096804
8070 長華*,Current ,ID 23307811
8072 陞泰,Current ,ID 97092770
8081 致新,Current ,ID 84149723
8101 華冠,Current ,ID 70747852
8103 瀚荃,Current ,ID 23632274
8104 錸寶,Current ,ID 70766576
8105 凌巨,Current ,ID 16432742
8110 華東,Current ,ID 22101116
8112 至上,Current ,ID 22368959
8114 振樺電,Current ,ID 12514341
8131 福懋科,Current ,ID 23826736
8150 南茂,Current ,ID 16130042
8163 達方,Current ,ID 16081507
8201 無敵,Current ,ID 23163259
8210 勤誠,Current ,ID 05143647
8213 志超,Current ,ID 70801378
8215 明基材,Current ,ID 16549778
8222 寶一,Current ,ID 04431804
8249 菱光,Current ,ID 16596646
8261 富鼎,Current ,ID 16550923
8271 宇瞻,Current ,ID 97444368
8341 日友,Current ,ID 89922041
8367 建新國際,Current ,ID 23250583
8374 羅昇,Current ,ID 12486062
8404 百和興業-KY,Current ,ID 26829193
8411 福貞-KY,Current ,ID 10913602
8422 可寧衛,Current ,ID 16908140
8429 金麗-KY,Current ,ID 36986397
8438 昶昕,Current ,ID 23509611
8442 威宏-KY,Current ,ID 50684485
8443 阿瘦,Current ,ID 80511709
8454 富邦媒,Current ,ID 27365925
8462 柏文,Current ,ID 27693238
8463 潤泰材,Current ,ID 86871981
8464 億豐,Current ,ID 28696894
8466 美吉吉-KY,Current ,ID 50640945
8467 波力-KY,Current ,ID 47442040
8473 山林水,Current ,ID 27329077
8476 台境*,Current ,ID 80369745
8478 東哥遊艇,Current ,ID 85798816
8481 政伸,Current ,ID 22396792
8482 商億-KY,Current ,ID 82172064
8488 吉源-KY,Current ,ID 47848647
8499 鼎炫-KY,Current ,ID 72780928
8926 台汽電,Current ,ID 86685142
8940 新天地,Current ,ID 84435578
8996 高力,Current ,ID 35319185
9103 美德醫療-DR,Current ,ID 9103
910322 康師傅-DR,Current ,ID 910322
9105 泰金寶-DR,Current ,ID 9105
910861 神州-DR,Current ,ID 910861
9110 越南控-DR,Current ,ID 9110
911608 明輝-DR,Current ,ID 26264842
911622 泰聚亨-DR,Current ,ID 26064801
911868 同方友友-DR,Current ,ID 911868
912000 晨訊科-DR,Current ,ID 912000
9136 巨騰-DR,Current ,ID 9136
9802 鈺齊-KY,Current ,ID 39737838
9902 台火,Current ,ID 03562308
9904 寶成,Current ,ID 58711014
9905 大華,Current ,ID 04403363
9906 欣巴巴,Current ,ID 33428716
9907 統一實,Current ,ID 73252657
9908 大台北,Current ,ID 11072304
9910 豐泰,Current ,ID 63400932
9911 櫻花,Current ,ID 23113940
9912 偉聯,Current ,ID 20792640
9914 美利達,Current ,ID 59052361
9917 中保科,Current ,ID 12148598
9918 欣天然,Current ,ID 33665843
9919 康那香,Current ,ID 74231126
9921 巨大,Current ,ID 56054251
9924 福興,Current ,ID 75706009
9925 新保,Current ,ID 12261768
9926 新海,Current ,ID 35433242
9927 泰銘,Current ,ID 79875202
9928 中視,Current ,ID 18556774
9929 秋雨,Current ,ID 69439272
9930 中聯資源,Current ,ID 86119908
9931 欣高,Current ,ID 79882718
9933 中鼎,Current ,ID 20817282
9934 成霖,Current ,ID 30899261
9935 慶豐富,Current ,ID 59198197
9937 全國,Current ,ID 22958907
9938 百和,Current ,ID 09468343
9939 宏全,Current ,ID 58176511
9940 信義,Current ,ID 22354940
9941 裕融,Current ,ID 23528130
9942 茂順,Current ,ID 61904541
9943 好樂迪,Current ,ID 84256265
9944 新麗,Current ,ID 33375909
9945 潤泰新,Current ,ID 12139612
9946 三發地產,Current ,ID 84466749
9955 佳龍,Current ,ID 97211972
9958 世紀鋼,Current ,ID 22649001
